Steam ID,App ID,Game Name,Playtime (hours),Genres,Achievements
76561198184561219,240,Counter-Strike: Source,19.95,Action,58
76561198184561219,4000,Garry's Mod,780.05,"Casual, Indie, Simulation",15
76561198184561219,3480,Peggle Deluxe,3.4166666666666665,Casual,0
76561198032898393,2500,Shadowgrounds,0.03333333333333333,Action,0
76561198032898393,220,Half-Life 2,5.133333333333334,Action,6
76561198032898393,320,Half-Life 2: Deathmatch,0.0,Action,0
